Criado como novo conjunto de dados;Amostra 007 por Administrator data sexta-feira, julho 11 2025
cm-1;%T
4000,00;69,43
3999,00;69,42
3998,00;69,42
3997,00;69,42
3996,00;69,41
3995,00;69,41
3994,00;69,41
3993,00;69,41
3992,00;69,41
3991,00;69,41
3990,00;69,41
3989,00;69,41
3988,00;69,40
3987,00;69,40
3986,00;69,39
3985,00;69,39
3984,00;69,39
3983,00;69,39
3982,00;69,38
3981,00;69,38
3980,00;69,38
3979,00;69,38
3978,00;69,37
3977,00;69,37
3976,00;69,37
3975,00;69,37
3974,00;69,37
3973,00;69,37
3972,00;69,37
3971,00;69,37
3970,00;69,37
3969,00;69,37
3968,00;69,37
3967,00;69,37
3966,00;69,36
3965,00;69,36
3964,00;69,36
3963,00;69,36
3962,00;69,36
3961,00;69,36
3960,00;69,36
3959,00;69,36
3958,00;69,35
3957,00;69,35
3956,00;69,35
3955,00;69,35
3954,00;69,35
3953,00;69,35
3952,00;69,35
3951,00;69,35
3950,00;69,35
3949,00;69,35
3948,00;69,35
3947,00;69,35
3946,00;69,34
3945,00;69,33
3944,00;69,33
3943,00;69,32
3942,00;69,32
3941,00;69,33
3940,00;69,33
3939,00;69,33
3938,00;69,33
3937,00;69,33
3936,00;69,33
3935,00;69,33
3934,00;69,33
3933,00;69,32
3932,00;69,32
3931,00;69,32
3930,00;69,32
3929,00;69,32
3928,00;69,32
3927,00;69,32
3926,00;69,32
3925,00;69,32
3924,00;69,32
3923,00;69,32
3922,00;69,31
3921,00;69,31
3920,00;69,32
3919,00;69,32
3918,00;69,33
3917,00;69,33
3916,00;69,33
3915,00;69,33
3914,00;69,34
3913,00;69,34
3912,00;69,35
3911,00;69,36
3910,00;69,36
3909,00;69,35
3908,00;69,34
3907,00;69,34
3906,00;69,33
3905,00;69,34
3904,00;69,34
3903,00;69,34
3902,00;69,33
3901,00;69,32
3900,00;69,32
3899,00;69,33
3898,00;69,34
3897,00;69,35
3896,00;69,35
3895,00;69,36
3894,00;69,36
3893,00;69,36
3892,00;69,37
3891,00;69,38
3890,00;69,38
3889,00;69,37
3888,00;69,36
3887,00;69,35
3886,00;69,36
3885,00;69,37
3884,00;69,37
3883,00;69,36
3882,00;69,35
3881,00;69,36
3880,00;69,37
3879,00;69,38
3878,00;69,38
3877,00;69,37
3876,00;69,37
3875,00;69,38
3874,00;69,39
3873,00;69,39
3872,00;69,38
3871,00;69,37
3870,00;69,37
3869,00;69,38
3868,00;69,38
3867,00;69,36
3866,00;69,36
3865,00;69,37
3864,00;69,38
3863,00;69,39
3862,00;69,40
3861,00;69,40
3860,00;69,41
3859,00;69,42
3858,00;69,42
3857,00;69,40
3856,00;69,38
3855,00;69,37
3854,00;69,36
3853,00;69,37
3852,00;69,37
3851,00;69,36
3850,00;69,36
3849,00;69,38
3848,00;69,40
3847,00;69,42
3846,00;69,43
3845,00;69,44
3844,00;69,44
3843,00;69,44
3842,00;69,44
3841,00;69,43
3840,00;69,42
3839,00;69,41
3838,00;69,40
3837,00;69,38
3836,00;69,38
3835,00;69,37
3834,00;69,38
3833,00;69,39
3832,00;69,41
3831,00;69,42
3830,00;69,43
3829,00;69,43
3828,00;69,43
3827,00;69,44
3826,00;69,45
3825,00;69,45
3824,00;69,44
3823,00;69,43
3822,00;69,42
3821,00;69,43
3820,00;69,43
3819,00;69,41
3818,00;69,40
3817,00;69,39
3816,00;69,39
3815,00;69,41
3814,00;69,41
3813,00;69,41
3812,00;69,41
3811,00;69,42
3810,00;69,43
3809,00;69,44
3808,00;69,44
3807,00;69,45
3806,00;69,45
3805,00;69,44
3804,00;69,42
3803,00;69,40
3802,00;69,41
3801,00;69,42
3800,00;69,42
3799,00;69,40
3798,00;69,39
3797,00;69,39
3796,00;69,41
3795,00;69,42
3794,00;69,42
3793,00;69,42
3792,00;69,42
3791,00;69,43
3790,00;69,44
3789,00;69,44
3788,00;69,43
3787,00;69,43
3786,00;69,43
3785,00;69,43
3784,00;69,44
3783,00;69,43
3782,00;69,43
3781,00;69,42
3780,00;69,41
3779,00;69,41
3778,00;69,40
3777,00;69,41
3776,00;69,41
3775,00;69,42
3774,00;69,43
3773,00;69,43
3772,00;69,42
3771,00;69,40
3770,00;69,39
3769,00;69,38
3768,00;69,37
3767,00;69,36
3766,00;69,36
3765,00;69,37
3764,00;69,37
3763,00;69,37
3762,00;69,36
3761,00;69,36
3760,00;69,37
3759,00;69,37
3758,00;69,37
3757,00;69,36
3756,00;69,36
3755,00;69,36
3754,00;69,35
3753,00;69,35
3752,00;69,35
3751,00;69,33
3750,00;69,30
3749,00;69,28
3748,00;69,26
3747,00;69,23
3746,00;69,21
3745,00;69,21
3744,00;69,22
3743,00;69,22
3742,00;69,22
3741,00;69,21
3740,00;69,21
3739,00;69,22
3738,00;69,22
3737,00;69,22
3736,00;69,22
3735,00;69,21
3734,00;69,20
3733,00;69,19
3732,00;69,17
3731,00;69,17
3730,00;69,16
3729,00;69,15
3728,00;69,14
3727,00;69,14
3726,00;69,13
3725,00;69,12
3724,00;69,10
3723,00;69,08
3722,00;69,07
3721,00;69,07
3720,00;69,06
3719,00;69,05
3718,00;69,04
3717,00;69,03
3716,00;69,01
3715,00;68,98
3714,00;68,95
3713,00;68,92
3712,00;68,89
3711,00;68,86
3710,00;68,83
3709,00;68,80
3708,00;68,78
3707,00;68,76
3706,00;68,75
3705,00;68,73
3704,00;68,70
3703,00;68,67
3702,00;68,64
3701,00;68,60
3700,00;68,57
3699,00;68,53
3698,00;68,50
3697,00;68,47
3696,00;68,44
3695,00;68,41
3694,00;68,37
3693,00;68,32
3692,00;68,27
3691,00;68,22
3690,00;68,16
3689,00;68,10
3688,00;68,04
3687,00;67,99
3686,00;67,94
3685,00;67,89
3684,00;67,84
3683,00;67,79
3682,00;67,73
3681,00;67,66
3680,00;67,59
3679,00;67,51
3678,00;67,42
3677,00;67,32
3676,00;67,22
3675,00;67,13
3674,00;67,05
3673,00;66,95
3672,00;66,85
3671,00;66,76
3670,00;66,68
3669,00;66,59
3668,00;66,49
3667,00;66,39
3666,00;66,29
3665,00;66,21
3664,00;66,11
3663,00;66,02
3662,00;65,91
3661,00;65,81
3660,00;65,70
3659,00;65,59
3658,00;65,47
3657,00;65,36
3656,00;65,25
3655,00;65,15
3654,00;65,04
3653,00;64,93
3652,00;64,82
3651,00;64,71
3650,00;64,61
3649,00;64,50
3648,00;64,38
3647,00;64,26
3646,00;64,16
3645,00;64,06
3644,00;63,96
3643,00;63,87
3642,00;63,78
3641,00;63,68
3640,00;63,58
3639,00;63,47
3638,00;63,38
3637,00;63,28
3636,00;63,18
3635,00;63,08
3634,00;62,99
3633,00;62,89
3632,00;62,79
3631,00;62,68
3630,00;62,57
3629,00;62,47
3628,00;62,38
3627,00;62,28
3626,00;62,18
3625,00;62,09
3624,00;62,01
3623,00;61,93
3622,00;61,85
3621,00;61,76
3620,00;61,66
3619,00;61,57
3618,00;61,48
3617,00;61,39
3616,00;61,29
3615,00;61,20
3614,00;61,12
3613,00;61,04
3612,00;60,95
3611,00;60,86
3610,00;60,77
3609,00;60,68
3608,00;60,60
3607,00;60,52
3606,00;60,43
3605,00;60,35
3604,00;60,26
3603,00;60,18
3602,00;60,09
3601,00;60,01
3600,00;59,93
3599,00;59,84
3598,00;59,76
3597,00;59,68
3596,00;59,60
3595,00;59,52
3594,00;59,43
3593,00;59,35
3592,00;59,26
3591,00;59,17
3590,00;59,09
3589,00;59,00
3588,00;58,91
3587,00;58,82
3586,00;58,73
3585,00;58,65
3584,00;58,57
3583,00;58,50
3582,00;58,43
3581,00;58,36
3580,00;58,29
3579,00;58,21
3578,00;58,14
3577,00;58,06
3576,00;57,98
3575,00;57,90
3574,00;57,82
3573,00;57,74
3572,00;57,66
3571,00;57,58
3570,00;57,50
3569,00;57,42
3568,00;57,35
3567,00;57,29
3566,00;57,22
3565,00;57,15
3564,00;57,07
3563,00;57,00
3562,00;56,93
3561,00;56,86
3560,00;56,80
3559,00;56,74
3558,00;56,68
3557,00;56,62
3556,00;56,55
3555,00;56,49
3554,00;56,43
3553,00;56,37
3552,00;56,31
3551,00;56,25
3550,00;56,19
3549,00;56,14
3548,00;56,09
3547,00;56,04
3546,00;55,99
3545,00;55,95
3544,00;55,92
3543,00;55,88
3542,00;55,85
3541,00;55,82
3540,00;55,79
3539,00;55,76
3538,00;55,72
3537,00;55,67
3536,00;55,63
3535,00;55,60
3534,00;55,56
3533,00;55,52
3532,00;55,47
3531,00;55,43
3530,00;55,39
3529,00;55,34
3528,00;55,29
3527,00;55,24
3526,00;55,19
3525,00;55,13
3524,00;55,07
3523,00;55,02
3522,00;54,97
3521,00;54,92
3520,00;54,87
3519,00;54,81
3518,00;54,75
3517,00;54,69
3516,00;54,63
3515,00;54,58
3514,00;54,52
3513,00;54,46
3512,00;54,40
3511,00;54,35
3510,00;54,30
3509,00;54,25
3508,00;54,19
3507,00;54,13
3506,00;54,07
3505,00;54,02
3504,00;53,96
3503,00;53,90
3502,00;53,84
3501,00;53,79
3500,00;53,74
3499,00;53,69
3498,00;53,64
3497,00;53,59
3496,00;53,55
3495,00;53,51
3494,00;53,47
3493,00;53,43
3492,00;53,39
3491,00;53,35
3490,00;53,32
3489,00;53,28
3488,00;53,25
3487,00;53,22
3486,00;53,19
3485,00;53,17
3484,00;53,14
3483,00;53,12
3482,00;53,10
3481,00;53,07
3480,00;53,04
3479,00;53,03
3478,00;53,02
3477,00;53,02
3476,00;53,02
3475,00;53,02
3474,00;53,01
3473,00;53,00
3472,00;52,99
3471,00;52,97
3470,00;52,95
3469,00;52,93
3468,00;52,91
3467,00;52,91
3466,00;52,91
3465,00;52,92
3464,00;52,92
3463,00;52,92
3462,00;52,92
3461,00;52,91
3460,00;52,92
3459,00;52,92
3458,00;52,92
3457,00;52,92
3456,00;52,92
3455,00;52,92
3454,00;52,92
3453,00;52,91
3452,00;52,91
3451,00;52,90
3450,00;52,89
3449,00;52,88
3448,00;52,87
3447,00;52,86
3446,00;52,84
3445,00;52,83
3444,00;52,82
3443,00;52,81
3442,00;52,79
3441,00;52,78
3440,00;52,75
3439,00;52,73
3438,00;52,70
3437,00;52,68
3436,00;52,66
3435,00;52,64
3434,00;52,62
3433,00;52,60
3432,00;52,58
3431,00;52,56
3430,00;52,54
3429,00;52,51
3428,00;52,50
3427,00;52,49
3426,00;52,48
3425,00;52,47
3424,00;52,46
3423,00;52,45
3422,00;52,44
3421,00;52,43
3420,00;52,43
3419,00;52,43
3418,00;52,44
3417,00;52,45
3416,00;52,47
3415,00;52,49
3414,00;52,51
3413,00;52,53
3412,00;52,56
3411,00;52,59
3410,00;52,62
3409,00;52,66
3408,00;52,71
3407,00;52,76
3406,00;52,81
3405,00;52,85
3404,00;52,89
3403,00;52,92
3402,00;52,95
3401,00;52,99
3400,00;53,03
3399,00;53,09
3398,00;53,15
3397,00;53,21
3396,00;53,26
3395,00;53,30
3394,00;53,34
3393,00;53,37
3392,00;53,40
3391,00;53,44
3390,00;53,49
3389,00;53,54
3388,00;53,59
3387,00;53,63
3386,00;53,68
3385,00;53,72
3384,00;53,75
3383,00;53,79
3382,00;53,82
3381,00;53,86
3380,00;53,90
3379,00;53,95
3378,00;53,99
3377,00;54,04
3376,00;54,08
3375,00;54,12
3374,00;54,17
3373,00;54,21
3372,00;54,24
3371,00;54,27
3370,00;54,30
3369,00;54,33
3368,00;54,38
3367,00;54,43
3366,00;54,48
3365,00;54,54
3364,00;54,59
3363,00;54,64
3362,00;54,69
3361,00;54,74
3360,00;54,78
3359,00;54,83
3358,00;54,88
3357,00;54,93
3356,00;54,98
3355,00;55,03
3354,00;55,07
3353,00;55,11
3352,00;55,14
3351,00;55,17
3350,00;55,21
3349,00;55,26
3348,00;55,31
3347,00;55,36
3346,00;55,41
3345,00;55,45
3344,00;55,48
3343,00;55,52
3342,00;55,56
3341,00;55,59
3340,00;55,62
3339,00;55,65
3338,00;55,69
3337,00;55,73
3336,00;55,78
3335,00;55,82
3334,00;55,86
3333,00;55,90
3332,00;55,94
3331,00;55,97
3330,00;56,01
3329,00;56,04
3328,00;56,07
3327,00;56,10
3326,00;56,12
3325,00;56,15
3324,00;56,19
3323,00;56,22
3322,00;56,26
3321,00;56,29
3320,00;56,32
3319,00;56,35
3318,00;56,37
3317,00;56,40
3316,00;56,43
3315,00;56,46
3314,00;56,49
3313,00;56,51
3312,00;56,53
3311,00;56,55
3310,00;56,56
3309,00;56,58
3308,00;56,60
3307,00;56,62
3306,00;56,64
3305,00;56,66
3304,00;56,68
3303,00;56,70
3302,00;56,73
3301,00;56,75
3300,00;56,77
3299,00;56,79
3298,00;56,81
3297,00;56,83
3296,00;56,85
3295,00;56,86
3294,00;56,87
3293,00;56,88
3292,00;56,90
3291,00;56,91
3290,00;56,93
3289,00;56,95
3288,00;56,97
3287,00;56,98
3286,00;57,00
3285,00;57,02
3284,00;57,03
3283,00;57,05
3282,00;57,06
3281,00;57,07
3280,00;57,09
3279,00;57,11
3278,00;57,13
3277,00;57,14
3276,00;57,16
3275,00;57,17
3274,00;57,18
3273,00;57,19
3272,00;57,20
3271,00;57,21
3270,00;57,23
3269,00;57,25
3268,00;57,27
3267,00;57,29
3266,00;57,31
3265,00;57,33
3264,00;57,34
3263,00;57,35
3262,00;57,37
3261,00;57,38
3260,00;57,40
3259,00;57,42
3258,00;57,44
3257,00;57,45
3256,00;57,47
3255,00;57,49
3254,00;57,50
3253,00;57,52
3252,00;57,54
3251,00;57,55
3250,00;57,57
3249,00;57,58
3248,00;57,59
3247,00;57,61
3246,00;57,62
3245,00;57,64
3244,00;57,66
3243,00;57,67
3242,00;57,69
3241,00;57,70
3240,00;57,71
3239,00;57,73
3238,00;57,75
3237,00;57,77
3236,00;57,79
3235,00;57,80
3234,00;57,82
3233,00;57,85
3232,00;57,88
3231,00;57,91
3230,00;57,95
3229,00;57,98
3228,00;58,01
3227,00;58,05
3226,00;58,08
3225,00;58,11
3224,00;58,14
3223,00;58,17
3222,00;58,20
3221,00;58,23
3220,00;58,26
3219,00;58,29
3218,00;58,32
3217,00;58,35
3216,00;58,37
3215,00;58,40
3214,00;58,42
3213,00;58,44
3212,00;58,47
3211,00;58,50
3210,00;58,52
3209,00;58,55
3208,00;58,57
3207,00;58,59
3206,00;58,62
3205,00;58,64
3204,00;58,66
3203,00;58,68
3202,00;58,71
3201,00;58,73
3200,00;58,75
3199,00;58,78
3198,00;58,80
3197,00;58,83
3196,00;58,85
3195,00;58,87
3194,00;58,90
3193,00;58,92
3192,00;58,94
3191,00;58,96
3190,00;58,98
3189,00;59,01
3188,00;59,03
3187,00;59,05
3186,00;59,07
3185,00;59,09
3184,00;59,12
3183,00;59,14
3182,00;59,16
3181,00;59,18
3180,00;59,20
3179,00;59,23
3178,00;59,25
3177,00;59,27
3176,00;59,29
3175,00;59,32
3174,00;59,34
3173,00;59,36
3172,00;59,39
3171,00;59,41
3170,00;59,43
3169,00;59,45
3168,00;59,47
3167,00;59,49
3166,00;59,51
3165,00;59,53
3164,00;59,55
3163,00;59,57
3162,00;59,59
3161,00;59,61
3160,00;59,63
3159,00;59,66
3158,00;59,68
3157,00;59,70
3156,00;59,72
3155,00;59,74
3154,00;59,76
3153,00;59,77
3152,00;59,79
3151,00;59,81
3150,00;59,84
3149,00;59,86
3148,00;59,89
3147,00;59,91
3146,00;59,93
3145,00;59,95
3144,00;59,97
3143,00;59,99
3142,00;60,01
3141,00;60,03
3140,00;60,04
3139,00;60,06
3138,00;60,08
3137,00;60,10
3136,00;60,12
3135,00;60,14
3134,00;60,16
3133,00;60,18
3132,00;60,20
3131,00;60,22
3130,00;60,23
3129,00;60,25
3128,00;60,27
3127,00;60,29
3126,00;60,31
3125,00;60,33
3124,00;60,35
3123,00;60,37
3122,00;60,38
3121,00;60,40
3120,00;60,41
3119,00;60,43
3118,00;60,44
3117,00;60,46
3116,00;60,49
3115,00;60,51
3114,00;60,53
3113,00;60,55
3112,00;60,57
3111,00;60,59
3110,00;60,60
3109,00;60,62
3108,00;60,64
3107,00;60,66
3106,00;60,68
3105,00;60,70
3104,00;60,72
3103,00;60,74
3102,00;60,76
3101,00;60,77
3100,00;60,79
3099,00;60,81
3098,00;60,83
3097,00;60,84
3096,00;60,86
3095,00;60,88
3094,00;60,89
3093,00;60,91
3092,00;60,92
3091,00;60,94
3090,00;60,95
3089,00;60,97
3088,00;60,99
3087,00;61,01
3086,00;61,03
3085,00;61,04
3084,00;61,05
3083,00;61,06
3082,00;61,08
3081,00;61,09
3080,00;61,11
3079,00;61,13
3078,00;61,15
3077,00;61,16
3076,00;61,18
3075,00;61,20
3074,00;61,22
3073,00;61,24
3072,00;61,25
3071,00;61,27
3070,00;61,28
3069,00;61,30
3068,00;61,32
3067,00;61,33
3066,00;61,35
3065,00;61,37
3064,00;61,38
3063,00;61,40
3062,00;61,42
3061,00;61,44
3060,00;61,46
3059,00;61,47
3058,00;61,49
3057,00;61,51
3056,00;61,52
3055,00;61,54
3054,00;61,56
3053,00;61,58
3052,00;61,60
3051,00;61,61
3050,00;61,63
3049,00;61,65
3048,00;61,66
3047,00;61,68
3046,00;61,69
3045,00;61,71
3044,00;61,72
3043,00;61,73
3042,00;61,75
3041,00;61,76
3040,00;61,78
3039,00;61,80
3038,00;61,82
3037,00;61,83
3036,00;61,84
3035,00;61,85
3034,00;61,86
3033,00;61,88
3032,00;61,89
3031,00;61,90
3030,00;61,91
3029,00;61,93
3028,00;61,94
3027,00;61,94
3026,00;61,95
3025,00;61,96
3024,00;61,97
3023,00;61,97
3022,00;61,98
3021,00;61,99
3020,00;61,99
3019,00;62,00
3018,00;62,01
3017,00;62,01
3016,00;62,01
3015,00;62,02
3014,00;62,02
3013,00;62,02
3012,00;62,02
3011,00;62,03
3010,00;62,03
3009,00;62,04
3008,00;62,04
3007,00;62,04
3006,00;62,04
3005,00;62,03
3004,00;62,03
3003,00;62,02
3002,00;62,02
3001,00;62,01
3000,00;62,01
2999,00;62,00
2998,00;62,00
2997,00;61,99
2996,00;61,98
2995,00;61,97
2994,00;61,96
2993,00;61,95
2992,00;61,93
2991,00;61,91
2990,00;61,90
2989,00;61,88
2988,00;61,86
2987,00;61,83
2986,00;61,79
2985,00;61,75
2984,00;61,69
2983,00;61,64
2982,00;61,60
2981,00;61,56
2980,00;61,54
2979,00;61,52
2978,00;61,50
2977,00;61,47
2976,00;61,44
2975,00;61,41
2974,00;61,37
2973,00;61,34
2972,00;61,31
2971,00;61,29
2970,00;61,28
2969,00;61,27
2968,00;61,27
2967,00;61,27
2966,00;61,26
2965,00;61,26
2964,00;61,26
2963,00;61,26
2962,00;61,25
2961,00;61,24
2960,00;61,23
2959,00;61,21
2958,00;61,20
2957,00;61,18
2956,00;61,16
2955,00;61,13
2954,00;61,11
2953,00;61,08
2952,00;61,05
2951,00;61,02
2950,00;60,99
2949,00;60,96
2948,00;60,93
2947,00;60,90
2946,00;60,88
2945,00;60,85
2944,00;60,83
2943,00;60,81
2942,00;60,79
2941,00;60,79
2940,00;60,78
2939,00;60,77
2938,00;60,77
2937,00;60,76
2936,00;60,75
2935,00;60,75
2934,00;60,74
2933,00;60,73
2932,00;60,72
2931,00;60,71
2930,00;60,71
2929,00;60,70
2928,00;60,69
2927,00;60,68
2926,00;60,67
2925,00;60,65
2924,00;60,64
2923,00;60,61
2922,00;60,59
2921,00;60,57
2920,00;60,55
2919,00;60,53
2918,00;60,51
2917,00;60,51
2916,00;60,51
2915,00;60,52
2914,00;60,53
2913,00;60,54
2912,00;60,55
2911,00;60,56
2910,00;60,57
2909,00;60,58
2908,00;60,58
2907,00;60,58
2906,00;60,58
2905,00;60,58
2904,00;60,58
2903,00;60,58
2902,00;60,58
2901,00;60,59
2900,00;60,60
2899,00;60,60
2898,00;60,61
2897,00;60,61
2896,00;60,62
2895,00;60,63
2894,00;60,64
2893,00;60,65
2892,00;60,67
2891,00;60,68
2890,00;60,70
2889,00;60,72
2888,00;60,73
2887,00;60,75
2886,00;60,76
2885,00;60,78
2884,00;60,79
2883,00;60,81
2882,00;60,83
2881,00;60,85
2880,00;60,88
2879,00;60,90
2878,00;60,92
2877,00;60,93
2876,00;60,95
2875,00;60,96
2874,00;60,98
2873,00;61,00
2872,00;61,02
2871,00;61,05
2870,00;61,07
2869,00;61,10
2868,00;61,12
2867,00;61,15
2866,00;61,18
2865,00;61,20
2864,00;61,23
2863,00;61,26
2862,00;61,28
2861,00;61,30
2860,00;61,32
2859,00;61,34
2858,00;61,35
2857,00;61,37
2856,00;61,38
2855,00;61,39
2854,00;61,39
2853,00;61,40
2852,00;61,41
2851,00;61,42
2850,00;61,44
2849,00;61,48
2848,00;61,53
2847,00;61,58
2846,00;61,64
2845,00;61,70
2844,00;61,76
2843,00;61,81
2842,00;61,86
2841,00;61,91
2840,00;61,96
2839,00;62,00
2838,00;62,05
2837,00;62,11
2836,00;62,16
2835,00;62,21
2834,00;62,25
2833,00;62,30
2832,00;62,34
2831,00;62,38
2830,00;62,42
2829,00;62,46
2828,00;62,50
2827,00;62,54
2826,00;62,57
2825,00;62,61
2824,00;62,64
2823,00;62,68
2822,00;62,71
2821,00;62,74
2820,00;62,77
2819,00;62,81
2818,00;62,84
2817,00;62,87
2816,00;62,89
2815,00;62,92
2814,00;62,95
2813,00;62,98
2812,00;63,01
2811,00;63,04
2810,00;63,06
2809,00;63,09
2808,00;63,12
2807,00;63,14
2806,00;63,17
2805,00;63,19
2804,00;63,21
2803,00;63,24
2802,00;63,26
2801,00;63,28
2800,00;63,30
2799,00;63,32
2798,00;63,34
2797,00;63,36
2796,00;63,38
2795,00;63,39
2794,00;63,41
2793,00;63,42
2792,00;63,44
2791,00;63,46
2790,00;63,47
2789,00;63,49
2788,00;63,50
2787,00;63,52
2786,00;63,53
2785,00;63,55
2784,00;63,56
2783,00;63,57
2782,00;63,58
2781,00;63,59
2780,00;63,60
2779,00;63,62
2778,00;63,63
2777,00;63,64
2776,00;63,64
2775,00;63,65
2774,00;63,66
2773,00;63,67
2772,00;63,68
2771,00;63,70
2770,00;63,71
2769,00;63,72
2768,00;63,72
2767,00;63,73
2766,00;63,74
2765,00;63,75
2764,00;63,76
2763,00;63,78
2762,00;63,79
2761,00;63,80
2760,00;63,81
2759,00;63,82
2758,00;63,82
2757,00;63,83
2756,00;63,83
2755,00;63,84
2754,00;63,84
2753,00;63,85
2752,00;63,86
2751,00;63,87
2750,00;63,88
2749,00;63,89
2748,00;63,89
2747,00;63,89
2746,00;63,88
2745,00;63,89
2744,00;63,89
2743,00;63,89
2742,00;63,90
2741,00;63,91
2740,00;63,92
2739,00;63,92
2738,00;63,93
2737,00;63,93
2736,00;63,93
2735,00;63,94
2734,00;63,94
2733,00;63,95
2732,00;63,96
2731,00;63,96
2730,00;63,97
2729,00;63,98
2728,00;63,99
2727,00;64,00
2726,00;64,01
2725,00;64,02
2724,00;64,02
2723,00;64,03
2722,00;64,04
2721,00;64,05
2720,00;64,05
2719,00;64,06
2718,00;64,07
2717,00;64,09
2716,00;64,10
2715,00;64,11
2714,00;64,13
2713,00;64,14
2712,00;64,15
2711,00;64,16
2710,00;64,17
2709,00;64,18
2708,00;64,20
2707,00;64,21
2706,00;64,23
2705,00;64,25
2704,00;64,27
2703,00;64,28
2702,00;64,29
2701,00;64,30
2700,00;64,31
2699,00;64,33
2698,00;64,34
2697,00;64,35
2696,00;64,37
2695,00;64,38
2694,00;64,40
2693,00;64,41
2692,00;64,42
2691,00;64,43
2690,00;64,44
2689,00;64,45
2688,00;64,46
2687,00;64,47
2686,00;64,49
2685,00;64,50
2684,00;64,52
2683,00;64,53
2682,00;64,54
2681,00;64,55
2680,00;64,56
2679,00;64,57
2678,00;64,59
2677,00;64,60
2676,00;64,61
2675,00;64,63
2674,00;64,64
2673,00;64,65
2672,00;64,67
2671,00;64,68
2670,00;64,68
2669,00;64,69
2668,00;64,70
2667,00;64,70
2666,00;64,71
2665,00;64,72
2664,00;64,74
2663,00;64,75
2662,00;64,76
2661,00;64,77
2660,00;64,78
2659,00;64,79
2658,00;64,80
2657,00;64,80
2656,00;64,81
2655,00;64,82
2654,00;64,82
2653,00;64,83
2652,00;64,85
2651,00;64,86
2650,00;64,87
2649,00;64,88
2648,00;64,89
2647,00;64,90
2646,00;64,91
2645,00;64,91
2644,00;64,92
2643,00;64,94
2642,00;64,95
2641,00;64,97
2640,00;64,98
2639,00;65,00
2638,00;65,01
2637,00;65,02
2636,00;65,03
2635,00;65,03
2634,00;65,04
2633,00;65,05
2632,00;65,07
2631,00;65,08
2630,00;65,10
2629,00;65,11
2628,00;65,13
2627,00;65,14
2626,00;65,15
2625,00;65,16
2624,00;65,17
2623,00;65,18
2622,00;65,19
2621,00;65,20
2620,00;65,21
2619,00;65,22
2618,00;65,24
2617,00;65,25
2616,00;65,27
2615,00;65,28
2614,00;65,29
2613,00;65,30
2612,00;65,31
2611,00;65,31
2610,00;65,32
2609,00;65,33
2608,00;65,34
2607,00;65,35
2606,00;65,37
2605,00;65,38
2604,00;65,39
2603,00;65,41
2602,00;65,41
2601,00;65,42
2600,00;65,42
2599,00;65,42
2598,00;65,43
2597,00;65,44
2596,00;65,45
2595,00;65,47
2594,00;65,48
2593,00;65,50
2592,00;65,51
2591,00;65,51
2590,00;65,52
2589,00;65,52
2588,00;65,52
2587,00;65,52
2586,00;65,53
2585,00;65,54
2584,00;65,56
2583,00;65,57
2582,00;65,58
2581,00;65,59
2580,00;65,59
2579,00;65,59
2578,00;65,59
2577,00;65,59
2576,00;65,60
2575,00;65,60
2574,00;65,61
2573,00;65,62
2572,00;65,63
2571,00;65,64
2570,00;65,64
2569,00;65,65
2568,00;65,65
2567,00;65,65
2566,00;65,65
2565,00;65,65
2564,00;65,66
2563,00;65,66
2562,00;65,67
2561,00;65,68
2560,00;65,69
2559,00;65,70
2558,00;65,70
2557,00;65,71
2556,00;65,71
2555,00;65,71
2554,00;65,71
2553,00;65,72
2552,00;65,72
2551,00;65,73
2550,00;65,73
2549,00;65,74
2548,00;65,75
2547,00;65,76
2546,00;65,76
2545,00;65,76
2544,00;65,76
2543,00;65,75
2542,00;65,75
2541,00;65,75
2540,00;65,76
2539,00;65,77
2538,00;65,78
2537,00;65,79
2536,00;65,80
2535,00;65,81
2534,00;65,81
2533,00;65,81
2532,00;65,81
2531,00;65,81
2530,00;65,82
2529,00;65,83
2528,00;65,84
2527,00;65,85
2526,00;65,86
2525,00;65,87
2524,00;65,88
2523,00;65,88
2522,00;65,88
2521,00;65,89
2520,00;65,89
2519,00;65,90
2518,00;65,90
2517,00;65,91
2516,00;65,92
2515,00;65,93
2514,00;65,93
2513,00;65,94
2512,00;65,95
2511,00;65,95
2510,00;65,96
2509,00;65,96
2508,00;65,97
2507,00;65,98
2506,00;65,99
2505,00;66,00
2504,00;66,02
2503,00;66,03
2502,00;66,04
2501,00;66,05
2500,00;66,07
2499,00;66,08
2498,00;66,09
2497,00;66,09
2496,00;66,11
2495,00;66,12
2494,00;66,13
2493,00;66,15
2492,00;66,16
2491,00;66,17
2490,00;66,18
2489,00;66,19
2488,00;66,20
2487,00;66,21
2486,00;66,21
2485,00;66,22
2484,00;66,24
2483,00;66,25
2482,00;66,26
2481,00;66,28
2480,00;66,29
2479,00;66,30
2478,00;66,30
2477,00;66,31
2476,00;66,32
2475,00;66,32
2474,00;66,33
2473,00;66,34
2472,00;66,35
2471,00;66,37
2470,00;66,38
2469,00;66,39
2468,00;66,40
2467,00;66,40
2466,00;66,41
2465,00;66,42
2464,00;66,43
2463,00;66,44
2462,00;66,45
2461,00;66,46
2460,00;66,47
2459,00;66,48
2458,00;66,49
2457,00;66,49
2456,00;66,50
2455,00;66,51
2454,00;66,51
2453,00;66,52
2452,00;66,52
2451,00;66,54
2450,00;66,55
2449,00;66,56
2448,00;66,58
2447,00;66,59
2446,00;66,60
2445,00;66,61
2444,00;66,62
2443,00;66,63
2442,00;66,63
2441,00;66,64
2440,00;66,65
2439,00;66,66
2438,00;66,67
2437,00;66,69
2436,00;66,70
2435,00;66,71
2434,00;66,72
2433,00;66,73
2432,00;66,74
2431,00;66,74
2430,00;66,75
2429,00;66,75
2428,00;66,76
2427,00;66,77
2426,00;66,78
2425,00;66,80
2424,00;66,81
2423,00;66,83
2422,00;66,84
2421,00;66,85
2420,00;66,85
2419,00;66,86
2418,00;66,87
2417,00;66,88
2416,00;66,90
2415,00;66,91
2414,00;66,93
2413,00;66,94
2412,00;66,95
2411,00;66,96
2410,00;66,97
2409,00;66,97
2408,00;66,98
2407,00;66,98
2406,00;66,99
2405,00;67,01
2404,00;67,02
2403,00;67,03
2402,00;67,04
2401,00;67,05
2400,00;67,06
2399,00;67,06
2398,00;67,07
2397,00;67,08
2396,00;67,09
2395,00;67,09
2394,00;67,10
2393,00;67,10
2392,00;67,11
2391,00;67,12
2390,00;67,13
2389,00;67,13
2388,00;67,13
2387,00;67,13
2386,00;67,13
2385,00;67,13
2384,00;67,12
2383,00;67,12
2382,00;67,13
2381,00;67,15
2380,00;67,18
2379,00;67,21
2378,00;67,24
2377,00;67,27
2376,00;67,29
2375,00;67,29
2374,00;67,28
2373,00;67,27
2372,00;67,26
2371,00;67,25
2370,00;67,24
2369,00;67,24
2368,00;67,24
2367,00;67,26
2366,00;67,27
2365,00;67,28
2364,00;67,29
2363,00;67,31
2362,00;67,32
2361,00;67,32
2360,00;67,31
2359,00;67,30
2358,00;67,29
2357,00;67,29
2356,00;67,31
2355,00;67,32
2354,00;67,34
2353,00;67,36
2352,00;67,37
2351,00;67,37
2350,00;67,36
2349,00;67,35
2348,00;67,34
2347,00;67,35
2346,00;67,36
2345,00;67,37
2344,00;67,37
2343,00;67,36
2342,00;67,36
2341,00;67,37
2340,00;67,39
2339,00;67,39
2338,00;67,40
2337,00;67,41
2336,00;67,41
2335,00;67,40
2334,00;67,40
2333,00;67,40
2332,00;67,41
2331,00;67,40
2330,00;67,39
2329,00;67,38
2328,00;67,37
2327,00;67,35
2326,00;67,34
2325,00;67,34
2324,00;67,34
2323,00;67,35
2322,00;67,36
2321,00;67,36
2320,00;67,37
2319,00;67,36
2318,00;67,36
2317,00;67,36
2316,00;67,36
2315,00;67,36
2314,00;67,36
2313,00;67,36
2312,00;67,35
2311,00;67,34
2310,00;67,33
2309,00;67,33
2308,00;67,33
2307,00;67,33
2306,00;67,33
2305,00;67,33
2304,00;67,33
2303,00;67,32
2302,00;67,32
2301,00;67,31
2300,00;67,31
2299,00;67,31
2298,00;67,31
2297,00;67,31
2296,00;67,31
2295,00;67,31
2294,00;67,31
2293,00;67,32
2292,00;67,31
2291,00;67,31
2290,00;67,31
2289,00;67,31
2288,00;67,31
2287,00;67,32
2286,00;67,32
2285,00;67,33
2284,00;67,33
2283,00;67,32
2282,00;67,31
2281,00;67,31
2280,00;67,30
2279,00;67,30
2278,00;67,30
2277,00;67,31
2276,00;67,31
2275,00;67,31
2274,00;67,31
2273,00;67,31
2272,00;67,30
2271,00;67,30
2270,00;67,29
2269,00;67,29
2268,00;67,28
2267,00;67,28
2266,00;67,28
2265,00;67,28
2264,00;67,27
2263,00;67,27
2262,00;67,26
2261,00;67,25
2260,00;67,25
2259,00;67,24
2258,00;67,24
2257,00;67,24
2256,00;67,23
2255,00;67,23
2254,00;67,22
2253,00;67,22
2252,00;67,22
2251,00;67,22
2250,00;67,22
2249,00;67,22
2248,00;67,22
2247,00;67,21
2246,00;67,21
2245,00;67,20
2244,00;67,20
2243,00;67,19
2242,00;67,19
2241,00;67,20
2240,00;67,20
2239,00;67,20
2238,00;67,21
2237,00;67,21
2236,00;67,21
2235,00;67,20
2234,00;67,20
2233,00;67,20
2232,00;67,20
2231,00;67,21
2230,00;67,21
2229,00;67,22
2228,00;67,22
2227,00;67,22
2226,00;67,22
2225,00;67,22
2224,00;67,22
2223,00;67,22
2222,00;67,22
2221,00;67,22
2220,00;67,22
2219,00;67,22
2218,00;67,23
2217,00;67,23
2216,00;67,23
2215,00;67,23
2214,00;67,22
2213,00;67,22
2212,00;67,22
2211,00;67,22
2210,00;67,22
2209,00;67,21
2208,00;67,21
2207,00;67,20
2206,00;67,20
2205,00;67,20
2204,00;67,19
2203,00;67,19
2202,00;67,19
2201,00;67,19
2200,00;67,18
2199,00;67,18
2198,00;67,17
2197,00;67,16
2196,00;67,15
2195,00;67,14
2194,00;67,13
2193,00;67,12
2192,00;67,11
2191,00;67,11
2190,00;67,10
2189,00;67,09
2188,00;67,08
2187,00;67,07
2186,00;67,06
2185,00;67,04
2184,00;67,03
2183,00;67,02
2182,00;67,01
2181,00;66,99
2180,00;66,98
2179,00;66,97
2178,00;66,96
2177,00;66,95
2176,00;66,93
2175,00;66,92
2174,00;66,90
2173,00;66,89
2172,00;66,87
2171,00;66,85
2170,00;66,84
2169,00;66,82
2168,00;66,81
2167,00;66,81
2166,00;66,80
2165,00;66,79
2164,00;66,78
2163,00;66,77
2162,00;66,75
2161,00;66,74
2160,00;66,72
2159,00;66,71
2158,00;66,70
2157,00;66,69
2156,00;66,69
2155,00;66,68
2154,00;66,68
2153,00;66,68
2152,00;66,68
2151,00;66,67
2150,00;66,66
2149,00;66,65
2148,00;66,64
2147,00;66,63
2146,00;66,63
2145,00;66,63
2144,00;66,63
2143,00;66,64
2142,00;66,64
2141,00;66,63
2140,00;66,63
2139,00;66,62
2138,00;66,61
2137,00;66,61
2136,00;66,60
2135,00;66,60
2134,00;66,61
2133,00;66,62
2132,00;66,63
2131,00;66,63
2130,00;66,64
2129,00;66,64
2128,00;66,64
2127,00;66,64
2126,00;66,64
2125,00;66,64
2124,00;66,64
2123,00;66,65
2122,00;66,66
2121,00;66,67
2120,00;66,68
2119,00;66,69
2118,00;66,70
2117,00;66,70
2116,00;66,70
2115,00;66,70
2114,00;66,71
2113,00;66,71
2112,00;66,72
2111,00;66,73
2110,00;66,75
2109,00;66,76
2108,00;66,78
2107,00;66,79
2106,00;66,79
2105,00;66,80
2104,00;66,80
2103,00;66,80
2102,00;66,81
2101,00;66,82
2100,00;66,83
2099,00;66,84
2098,00;66,86
2097,00;66,88
2096,00;66,89
2095,00;66,90
2094,00;66,91
2093,00;66,91
2092,00;66,91
2091,00;66,92
2090,00;66,92
2089,00;66,94
2088,00;66,95
2087,00;66,97
2086,00;66,98
2085,00;66,99
2084,00;67,00
2083,00;67,00
2082,00;67,00
2081,00;67,00
2080,00;67,00
2079,00;67,01
2078,00;67,02
2077,00;67,03
2076,00;67,05
2075,00;67,06
2074,00;67,07
2073,00;67,07
2072,00;67,07
2071,00;67,07
2070,00;67,07
2069,00;67,07
2068,00;67,08
2067,00;67,08
2066,00;67,09
2065,00;67,10
2064,00;67,11
2063,00;67,12
2062,00;67,13
2061,00;67,13
2060,00;67,13
2059,00;67,14
2058,00;67,14
2057,00;67,15
2056,00;67,16
2055,00;67,17
2054,00;67,19
2053,00;67,20
2052,00;67,21
2051,00;67,21
2050,00;67,22
2049,00;67,23
2048,00;67,23
2047,00;67,24
2046,00;67,24
2045,00;67,25
2044,00;67,26
2043,00;67,27
2042,00;67,29
2041,00;67,31
2040,00;67,32
2039,00;67,34
2038,00;67,35
2037,00;67,36
2036,00;67,37
2035,00;67,37
2034,00;67,38
2033,00;67,40
2032,00;67,42
2031,00;67,44
2030,00;67,47
2029,00;67,49
2028,00;67,51
2027,00;67,53
2026,00;67,54
2025,00;67,55
2024,00;67,57
2023,00;67,59
2022,00;67,61
2021,00;67,64
2020,00;67,67
2019,00;67,70
2018,00;67,72
2017,00;67,74
2016,00;67,76
2015,00;67,77
2014,00;67,79
2013,00;67,80
2012,00;67,82
2011,00;67,85
2010,00;67,88
2009,00;67,91
2008,00;67,94
2007,00;67,95
2006,00;67,97
2005,00;67,98
2004,00;67,99
2003,00;68,00
2002,00;68,02
2001,00;68,03
2000,00;68,06
1999,00;68,08
1998,00;68,10
1997,00;68,12
1996,00;68,13
1995,00;68,14
1994,00;68,15
1993,00;68,16
1992,00;68,18
1991,00;68,19
1990,00;68,21
1989,00;68,23
1988,00;68,25
1987,00;68,27
1986,00;68,28
1985,00;68,30
1984,00;68,31
1983,00;68,32
1982,00;68,33
1981,00;68,34
1980,00;68,35
1979,00;68,35
1978,00;68,36
1977,00;68,37
1976,00;68,38
1975,00;68,40
1974,00;68,42
1973,00;68,43
1972,00;68,44
1971,00;68,45
1970,00;68,45
1969,00;68,45
1968,00;68,45
1967,00;68,46
1966,00;68,48
1965,00;68,50
1964,00;68,52
1963,00;68,53
1962,00;68,54
1961,00;68,54
1960,00;68,53
1959,00;68,53
1958,00;68,53
1957,00;68,53
1956,00;68,55
1955,00;68,57
1954,00;68,60
1953,00;68,62
1952,00;68,63
1951,00;68,64
1950,00;68,65
1949,00;68,65
1948,00;68,65
1947,00;68,66
1946,00;68,68
1945,00;68,69
1944,00;68,71
1943,00;68,73
1942,00;68,76
1941,00;68,78
1940,00;68,80
1939,00;68,80
1938,00;68,81
1937,00;68,82
1936,00;68,84
1935,00;68,85
1934,00;68,87
1933,00;68,89
1932,00;68,91
1931,00;68,93
1930,00;68,95
1929,00;68,96
1928,00;68,98
1927,00;68,99
1926,00;68,99
1925,00;68,99
1924,00;68,99
1923,00;69,00
1922,00;69,02
1921,00;69,04
1920,00;69,06
1919,00;69,08
1918,00;69,09
1917,00;69,11
1916,00;69,11
1915,00;69,11
1914,00;69,11
1913,00;69,11
1912,00;69,10
1911,00;69,11
1910,00;69,13
1909,00;69,15
1908,00;69,17
1907,00;69,20
1906,00;69,21
1905,00;69,22
1904,00;69,21
1903,00;69,21
1902,00;69,21
1901,00;69,22
1900,00;69,23
1899,00;69,26
1898,00;69,28
1897,00;69,30
1896,00;69,31
1895,00;69,32
1894,00;69,32
1893,00;69,32
1892,00;69,31
1891,00;69,31
1890,00;69,32
1889,00;69,33
1888,00;69,36
1887,00;69,37
1886,00;69,39
1885,00;69,40
1884,00;69,40
1883,00;69,40
1882,00;69,40
1881,00;69,40
1880,00;69,40
1879,00;69,41
1878,00;69,42
1877,00;69,43
1876,00;69,43
1875,00;69,44
1874,00;69,44
1873,00;69,45
1872,00;69,45
1871,00;69,44
1870,00;69,42
1869,00;69,41
1868,00;69,40
1867,00;69,40
1866,00;69,41
1865,00;69,42
1864,00;69,43
1863,00;69,44
1862,00;69,45
1861,00;69,45
1860,00;69,44
1859,00;69,44
1858,00;69,43
1857,00;69,42
1856,00;69,42
1855,00;69,42
1854,00;69,43
1853,00;69,44
1852,00;69,45
1851,00;69,46
1850,00;69,45
1849,00;69,44
1848,00;69,43
1847,00;69,42
1846,00;69,42
1845,00;69,41
1844,00;69,41
1843,00;69,42
1842,00;69,43
1841,00;69,43
1840,00;69,42
1839,00;69,41
1838,00;69,39
1837,00;69,36
1836,00;69,34
1835,00;69,34
1834,00;69,34
1833,00;69,35
1832,00;69,35
1831,00;69,33
1830,00;69,32
1829,00;69,32
1828,00;69,31
1827,00;69,29
1826,00;69,27
1825,00;69,25
1824,00;69,23
1823,00;69,23
1822,00;69,22
1821,00;69,22
1820,00;69,21
1819,00;69,19
1818,00;69,18
1817,00;69,16
1816,00;69,13
1815,00;69,11
1814,00;69,08
1813,00;69,05
1812,00;69,01
1811,00;68,98
1810,00;68,96
1809,00;68,94
1808,00;68,93
1807,00;68,91
1806,00;68,90
1805,00;68,88
1804,00;68,84
1803,00;68,80
1802,00;68,76
1801,00;68,71
1800,00;68,66
1799,00;68,63
1798,00;68,61
1797,00;68,60
1796,00;68,58
1795,00;68,56
1794,00;68,53
1793,00;68,46
1792,00;68,38
1791,00;68,31
1790,00;68,25
1789,00;68,20
1788,00;68,15
1787,00;68,10
1786,00;68,04
1785,00;67,96
1784,00;67,87
1783,00;67,77
1782,00;67,65
1781,00;67,53
1780,00;67,40
1779,00;67,27
1778,00;67,14
1777,00;67,00
1776,00;66,86
1775,00;66,70
1774,00;66,51
1773,00;66,26
1772,00;65,99
1771,00;65,72
1770,00;65,47
1769,00;65,21
1768,00;64,90
1767,00;64,59
1766,00;64,30
1765,00;64,00
1764,00;63,69
1763,00;63,35
1762,00;63,02
1761,00;62,70
1760,00;62,41
1759,00;62,14
1758,00;61,87
1757,00;61,61
1756,00;61,35
1755,00;61,14
1754,00;60,95
1753,00;60,75
1752,00;60,54
1751,00;60,32
1750,00;60,11
1749,00;59,93
1748,00;59,76
1747,00;59,62
1746,00;59,49
1745,00;59,37
1744,00;59,27
1743,00;59,19
1742,00;59,12
1741,00;59,06
1740,00;59,00
1739,00;58,96
1738,00;58,95
1737,00;58,94
1736,00;58,94
1735,00;58,94
1734,00;58,95
1733,00;58,94
1732,00;58,94
1731,00;58,96
1730,00;59,00
1729,00;59,04
1728,00;59,09
1727,00;59,13
1726,00;59,18
1725,00;59,24
1724,00;59,32
1723,00;59,40
1722,00;59,50
1721,00;59,60
1720,00;59,69
1719,00;59,78
1718,00;59,88
1717,00;59,97
1716,00;60,05
1715,00;60,15
1714,00;60,26
1713,00;60,37
1712,00;60,48
1711,00;60,60
1710,00;60,71
1709,00;60,81
1708,00;60,90
1707,00;60,98
1706,00;61,06
1705,00;61,15
1704,00;61,24
1703,00;61,32
1702,00;61,39
1701,00;61,42
1700,00;61,43
1699,00;61,43
1698,00;61,44
1697,00;61,43
1696,00;61,40
1695,00;61,36
1694,00;61,31
1693,00;61,26
1692,00;61,19
1691,00;61,12
1690,00;61,05
1689,00;60,99
1688,00;60,95
1687,00;60,93
1686,00;60,87
1685,00;60,74
1684,00;60,58
1683,00;60,44
1682,00;60,32
1681,00;60,21
1680,00;60,10
1679,00;60,02
1678,00;59,94
1677,00;59,84
1676,00;59,72
1675,00;59,60
1674,00;59,47
1673,00;59,35
1672,00;59,23
1671,00;59,10
1670,00;58,96
1669,00;58,83
1668,00;58,72
1667,00;58,64
1666,00;58,57
1665,00;58,48
1664,00;58,38
1663,00;58,27
1662,00;58,16
1661,00;58,06
1660,00;57,98
1659,00;57,91
1658,00;57,86
1657,00;57,83
1656,00;57,82
1655,00;57,78
1654,00;57,70
1653,00;57,59
1652,00;57,49
1651,00;57,41
1650,00;57,36
1649,00;57,32
1648,00;57,27
1647,00;57,23
1646,00;57,17
1645,00;57,10
1644,00;57,02
1643,00;56,95
1642,00;56,89
1641,00;56,86
1640,00;56,85
1639,00;56,87
1638,00;56,91
1637,00;56,95
1636,00;56,98
1635,00;57,00
1634,00;57,01
1633,00;57,01
1632,00;57,03
1631,00;57,05
1630,00;57,08
1629,00;57,11
1628,00;57,14
1627,00;57,16
1626,00;57,19
1625,00;57,21
1624,00;57,23
1623,00;57,28
1622,00;57,34
1621,00;57,42
1620,00;57,50
1619,00;57,61
1618,00;57,72
1617,00;57,85
1616,00;57,97
1615,00;58,09
1614,00;58,21
1613,00;58,33
1612,00;58,45
1611,00;58,56
1610,00;58,65
1609,00;58,73
1608,00;58,78
1607,00;58,83
1606,00;58,86
1605,00;58,89
1604,00;58,93
1603,00;58,97
1602,00;59,03
1601,00;59,09
1600,00;59,15
1599,00;59,21
1598,00;59,25
1597,00;59,30
1596,00;59,34
1595,00;59,40
1594,00;59,49
1593,00;59,61
1592,00;59,75
1591,00;59,92
1590,00;60,10
1589,00;60,29
1588,00;60,48
1587,00;60,68
1586,00;60,87
1585,00;61,07
1584,00;61,28
1583,00;61,49
1582,00;61,70
1581,00;61,90
1580,00;62,11
1579,00;62,30
1578,00;62,48
1577,00;62,66
1576,00;62,84
1575,00;62,99
1574,00;63,11
1573,00;63,23
1572,00;63,35
1571,00;63,45
1570,00;63,56
1569,00;63,65
1568,00;63,74
1567,00;63,82
1566,00;63,88
1565,00;63,96
1564,00;64,05
1563,00;64,14
1562,00;64,23
1561,00;64,28
1560,00;64,28
1559,00;64,26
1558,00;64,27
1557,00;64,27
1556,00;64,28
1555,00;64,30
1554,00;64,32
1553,00;64,33
1552,00;64,33
1551,00;64,32
1550,00;64,32
1549,00;64,33
1548,00;64,35
1547,00;64,38
1546,00;64,40
1545,00;64,42
1544,00;64,45
1543,00;64,48
1542,00;64,51
1541,00;64,51
1540,00;64,51
1539,00;64,52
1538,00;64,52
1537,00;64,52
1536,00;64,54
1535,00;64,55
1534,00;64,56
1533,00;64,57
1532,00;64,57
1531,00;64,57
1530,00;64,55
1529,00;64,52
1528,00;64,48
1527,00;64,41
1526,00;64,34
1525,00;64,26
1524,00;64,17
1523,00;64,05
1522,00;63,87
1521,00;63,68
1520,00;63,49
1519,00;63,33
1518,00;63,18
1517,00;63,06
1516,00;62,97
1515,00;62,92
1514,00;62,88
1513,00;62,84
1512,00;62,80
1511,00;62,77
1510,00;62,74
1509,00;62,70
1508,00;62,66
1507,00;62,63
1506,00;62,63
1505,00;62,63
1504,00;62,65
1503,00;62,70
1502,00;62,80
1501,00;62,92
1500,00;63,07
1499,00;63,23
1498,00;63,40
1497,00;63,57
1496,00;63,74
1495,00;63,89
1494,00;64,01
1493,00;64,12
1492,00;64,21
1491,00;64,29
1490,00;64,37
1489,00;64,42
1488,00;64,44
1487,00;64,45
1486,00;64,43
1485,00;64,38
1484,00;64,30
1483,00;64,20
1482,00;64,08
1481,00;63,95
1480,00;63,80
1479,00;63,64
1478,00;63,45
1477,00;63,23
1476,00;63,00
1475,00;62,77
1474,00;62,51
1473,00;62,23
1472,00;61,96
1471,00;61,73
1470,00;61,55
1469,00;61,40
1468,00;61,27
1467,00;61,15
1466,00;61,06
1465,00;60,98
1464,00;60,94
1463,00;60,92
1462,00;60,91
1461,00;60,92
1460,00;60,94
1459,00;60,96
1458,00;60,97
1457,00;60,98
1456,00;60,98
1455,00;60,98
1454,00;60,98
1453,00;61,00
1452,00;61,02
1451,00;61,05
1450,00;61,07
1449,00;61,09
1448,00;61,11
1447,00;61,14
1446,00;61,17
1445,00;61,19
1444,00;61,19
1443,00;61,18
1442,00;61,15
1441,00;61,12
1440,00;61,08
1439,00;61,03
1438,00;60,97
1437,00;60,89
1436,00;60,81
1435,00;60,73
1434,00;60,67
1433,00;60,61
1432,00;60,55
1431,00;60,49
1430,00;60,44
1429,00;60,40
1428,00;60,38
1427,00;60,38
1426,00;60,38
1425,00;60,39
1424,00;60,43
1423,00;60,48
1422,00;60,54
1421,00;60,60
1420,00;60,66
1419,00;60,71
1418,00;60,77
1417,00;60,83
1416,00;60,89
1415,00;60,95
1414,00;61,02
1413,00;61,09
1412,00;61,16
1411,00;61,21
1410,00;61,27
1409,00;61,31
1408,00;61,33
1407,00;61,34
1406,00;61,33
1405,00;61,31
1404,00;61,30
1403,00;61,28
1402,00;61,27
1401,00;61,26
1400,00;61,25
1399,00;61,23
1398,00;61,20
1397,00;61,15
1396,00;61,10
1395,00;61,02
1394,00;60,92
1393,00;60,82
1392,00;60,72
1391,00;60,61
1390,00;60,48
1389,00;60,31
1388,00;60,08
1387,00;59,80
1386,00;59,52
1385,00;59,30
1384,00;59,20
1383,00;59,21
1382,00;59,27
1381,00;59,35
1380,00;59,40
1379,00;59,44
1378,00;59,46
1377,00;59,47
1376,00;59,48
1375,00;59,49
1374,00;59,51
1373,00;59,54
1372,00;59,57
1371,00;59,60
1370,00;59,64
1369,00;59,68
1368,00;59,74
1367,00;59,80
1366,00;59,86
1365,00;59,92
1364,00;59,99
1363,00;60,07
1362,00;60,15
1361,00;60,24
1360,00;60,33
1359,00;60,41
1358,00;60,48
1357,00;60,55
1356,00;60,60
1355,00;60,65
1354,00;60,70
1353,00;60,75
1352,00;60,80
1351,00;60,84
1350,00;60,86
1349,00;60,87
1348,00;60,87
1347,00;60,84
1346,00;60,81
1345,00;60,76
1344,00;60,70
1343,00;60,63
1342,00;60,56
1341,00;60,49
1340,00;60,42
1339,00;60,35
1338,00;60,30
1337,00;60,25
1336,00;60,20
1335,00;60,17
1334,00;60,14
1333,00;60,12
1332,00;60,11
1331,00;60,09
1330,00;60,08
1329,00;60,07
1328,00;60,06
1327,00;60,05
1326,00;60,04
1325,00;60,03
1324,00;60,02
1323,00;60,02
1322,00;60,01
1321,00;60,00
1320,00;59,99
1319,00;59,99
1318,00;60,01
1317,00;60,05
1316,00;60,12
1315,00;60,20
1314,00;60,30
1313,00;60,41
1312,00;60,52
1311,00;60,63
1310,00;60,73
1309,00;60,83
1308,00;60,91
1307,00;61,00
1306,00;61,08
1305,00;61,16
1304,00;61,25
1303,00;61,33
1302,00;61,40
1301,00;61,47
1300,00;61,53
1299,00;61,57
1298,00;61,61
1297,00;61,62
1296,00;61,62
1295,00;61,61
1294,00;61,59
1293,00;61,56
1292,00;61,52
1291,00;61,47
1290,00;61,42
1289,00;61,36
1288,00;61,29
1287,00;61,21
1286,00;61,14
1285,00;61,06
1284,00;60,98
1283,00;60,90
1282,00;60,83
1281,00;60,76
1280,00;60,71
1279,00;60,65
1278,00;60,60
1277,00;60,55
1276,00;60,50
1275,00;60,44
1274,00;60,38
1273,00;60,31
1272,00;60,24
1271,00;60,17
1270,00;60,10
1269,00;60,04
1268,00;59,99
1267,00;59,95
1266,00;59,91
1265,00;59,87
1264,00;59,83
1263,00;59,80
1262,00;59,76
1261,00;59,72
1260,00;59,68
1259,00;59,65
1258,00;59,62
1257,00;59,59
1256,00;59,57
1255,00;59,56
1254,00;59,55
1253,00;59,54
1252,00;59,54
1251,00;59,53
1250,00;59,54
1249,00;59,54
1248,00;59,55
1247,00;59,56
1246,00;59,57
1245,00;59,58
1244,00;59,60
1243,00;59,62
1242,00;59,65
1241,00;59,68
1240,00;59,72
1239,00;59,76
1238,00;59,80
1237,00;59,84
1236,00;59,87
1235,00;59,92
1234,00;59,97
1233,00;60,02
1232,00;60,09
1231,00;60,17
1230,00;60,25
1229,00;60,33
1228,00;60,40
1227,00;60,48
1226,00;60,55
1225,00;60,62
1224,00;60,70
1223,00;60,77
1222,00;60,84
1221,00;60,92
1220,00;61,01
1219,00;61,10
1218,00;61,19
1217,00;61,28
1216,00;61,37
1215,00;61,46
1214,00;61,54
1213,00;61,61
1212,00;61,66
1211,00;61,71
1210,00;61,74
1209,00;61,77
1208,00;61,79
1207,00;61,80
1206,00;61,80
1205,00;61,82
1204,00;61,84
1203,00;61,88
1202,00;61,93
1201,00;61,98
1200,00;62,03
1199,00;62,08
1198,00;62,13
1197,00;62,19
1196,00;62,24
1195,00;62,29
1194,00;62,32
1193,00;62,32
1192,00;62,30
1191,00;62,26
1190,00;62,19
1189,00;62,10
1188,00;62,01
1187,00;61,91
1186,00;61,79
1185,00;61,67
1184,00;61,54
1183,00;61,39
1182,00;61,24
1181,00;61,07
1180,00;60,90
1179,00;60,72
1178,00;60,55
1177,00;60,40
1176,00;60,25
1175,00;60,10
1174,00;59,94
1173,00;59,79
1172,00;59,64
1171,00;59,50
1170,00;59,36
1169,00;59,24
1168,00;59,14
1167,00;59,04
1166,00;58,97
1165,00;58,90
1164,00;58,85
1163,00;58,82
1162,00;58,80
1161,00;58,80
1160,00;58,81
1159,00;58,82
1158,00;58,84
1157,00;58,86
1156,00;58,88
1155,00;58,90
1154,00;58,94
1153,00;58,98
1152,00;59,03
1151,00;59,09
1150,00;59,15
1149,00;59,20
1148,00;59,24
1147,00;59,27
1146,00;59,29
1145,00;59,30
1144,00;59,31
1143,00;59,31
1142,00;59,32
1141,00;59,31
1140,00;59,28
1139,00;59,24
1138,00;59,17
1137,00;59,08
1136,00;58,98
1135,00;58,88
1134,00;58,78
1133,00;58,70
1132,00;58,63
1131,00;58,57
1130,00;58,51
1129,00;58,46
1128,00;58,40
1127,00;58,36
1126,00;58,31
1125,00;58,28
1124,00;58,25
1123,00;58,23
1122,00;58,22
1121,00;58,21
1120,00;58,20
1119,00;58,18
1118,00;58,16
1117,00;58,13
1116,00;58,10
1115,00;58,07
1114,00;58,05
1113,00;58,04
1112,00;58,03
1111,00;58,02
1110,00;58,01
1109,00;58,01
1108,00;58,01
1107,00;58,03
1106,00;58,05
1105,00;58,07
1104,00;58,10
1103,00;58,13
1102,00;58,14
1101,00;58,15
1100,00;58,16
1099,00;58,16
1098,00;58,17
1097,00;58,18
1096,00;58,19
1095,00;58,21
1094,00;58,22
1093,00;58,22
1092,00;58,20
1091,00;58,17
1090,00;58,12
1089,00;58,08
1088,00;58,04
1087,00;58,00
1086,00;57,98
1085,00;57,97
1084,00;57,95
1083,00;57,92
1082,00;57,88
1081,00;57,81
1080,00;57,74
1079,00;57,66
1078,00;57,60
1077,00;57,56
1076,00;57,53
1075,00;57,51
1074,00;57,50
1073,00;57,48
1072,00;57,46
1071,00;57,42
1070,00;57,38
1069,00;57,33
1068,00;57,29
1067,00;57,25
1066,00;57,23
1065,00;57,21
1064,00;57,20
1063,00;57,18
1062,00;57,16
1061,00;57,14
1060,00;57,12
1059,00;57,10
1058,00;57,10
1057,00;57,10
1056,00;57,11
1055,00;57,13
1054,00;57,14
1053,00;57,15
1052,00;57,15
1051,00;57,15
1050,00;57,16
1049,00;57,17
1048,00;57,20
1047,00;57,23
1046,00;57,26
1045,00;57,28
1044,00;57,28
1043,00;57,28
1042,00;57,27
1041,00;57,26
1040,00;57,25
1039,00;57,26
1038,00;57,28
1037,00;57,30
1036,00;57,33
1035,00;57,35
1034,00;57,37
1033,00;57,38
1032,00;57,39
1031,00;57,42
1030,00;57,46
1029,00;57,51
1028,00;57,57
1027,00;57,63
1026,00;57,69
1025,00;57,73
1024,00;57,76
1023,00;57,78
1022,00;57,81
1021,00;57,85
1020,00;57,90
1019,00;57,97
1018,00;58,05
1017,00;58,12
1016,00;58,18
1015,00;58,22
1014,00;58,26
1013,00;58,29
1012,00;58,32
1011,00;58,37
1010,00;58,43
1009,00;58,50
1008,00;58,57
1007,00;58,63
1006,00;58,69
1005,00;58,73
1004,00;58,76
1003,00;58,79
1002,00;58,82
1001,00;58,87
1000,00;58,92
999,00;58,99
998,00;59,06
997,00;59,11
996,00;59,15
995,00;59,18
994,00;59,20
993,00;59,22
992,00;59,25
991,00;59,29
990,00;59,35
989,00;59,42
988,00;59,50
987,00;59,58
986,00;59,67
985,00;59,78
984,00;59,90
983,00;60,03
982,00;60,17
981,00;60,32
980,00;60,48
979,00;60,63
978,00;60,77
977,00;60,91
976,00;61,04
975,00;61,16
974,00;61,29
973,00;61,41
972,00;61,54
971,00;61,66
970,00;61,79
969,00;61,90
968,00;62,01
967,00;62,10
966,00;62,20
965,00;62,30
964,00;62,42
963,00;62,55
962,00;62,70
961,00;62,86
960,00;63,02
959,00;63,17
958,00;63,32
957,00;63,45
956,00;63,59
955,00;63,72
954,00;63,87
953,00;64,03
952,00;64,20
951,00;64,38
950,00;64,58
949,00;64,76
948,00;64,93
947,00;65,09
946,00;65,24
945,00;65,37
944,00;65,50
943,00;65,62
942,00;65,74
941,00;65,86
940,00;65,98
939,00;66,08
938,00;66,17
937,00;66,25
936,00;66,31
935,00;66,37
934,00;66,42
933,00;66,48
932,00;66,54
931,00;66,61
930,00;66,68
929,00;66,74
928,00;66,80
927,00;66,86
926,00;66,90
925,00;66,94
924,00;66,98
923,00;67,02
922,00;67,07
921,00;67,12
920,00;67,16
919,00;67,18
918,00;67,18
917,00;67,17
916,00;67,15
915,00;67,14
914,00;67,12
913,00;67,12
912,00;67,11
911,00;67,09
910,00;67,06
909,00;67,00
908,00;66,91
907,00;66,79
906,00;66,67
905,00;66,55
904,00;66,44
903,00;66,35
902,00;66,28
901,00;66,22
900,00;66,17
899,00;66,13
898,00;66,10
897,00;66,11
896,00;66,16
895,00;66,24
894,00;66,36
893,00;66,52
892,00;66,69
891,00;66,87
890,00;67,03
889,00;67,19
888,00;67,33
887,00;67,47
886,00;67,61
885,00;67,76
884,00;67,91
883,00;68,05
882,00;68,18
881,00;68,28
880,00;68,35
879,00;68,40
878,00;68,44
877,00;68,50
876,00;68,57
875,00;68,66
874,00;68,76
873,00;68,86
872,00;68,95
871,00;69,02
870,00;69,08
869,00;69,12
868,00;69,16
867,00;69,21
866,00;69,27
865,00;69,33
864,00;69,39
863,00;69,42
862,00;69,44
861,00;69,45
860,00;69,45
859,00;69,45
858,00;69,45
857,00;69,45
856,00;69,46
855,00;69,47
854,00;69,46
853,00;69,44
852,00;69,41
851,00;69,36
850,00;69,33
849,00;69,31
848,00;69,31
847,00;69,32
846,00;69,31
845,00;69,29
844,00;69,25
843,00;69,18
842,00;69,09
841,00;69,00
840,00;68,93
839,00;68,88
838,00;68,87
837,00;68,87
836,00;68,89
835,00;68,90
834,00;68,90
833,00;68,89
832,00;68,88
831,00;68,87
830,00;68,88
829,00;68,90
828,00;68,94
827,00;68,99
826,00;69,05
825,00;69,09
824,00;69,13
823,00;69,15
822,00;69,16
821,00;69,15
820,00;69,14
819,00;69,13
818,00;69,13
817,00;69,13
816,00;69,14
815,00;69,16
814,00;69,18
813,00;69,20
812,00;69,22
811,00;69,22
810,00;69,22
809,00;69,20
808,00;69,17
807,00;69,13
806,00;69,10
805,00;69,08
804,00;69,07
803,00;69,07
802,00;69,07
801,00;69,06
800,00;69,03
799,00;69,00
798,00;68,95
797,00;68,91
796,00;68,86
795,00;68,82
794,00;68,78
793,00;68,75
792,00;68,72
791,00;68,69
790,00;68,66
789,00;68,61
788,00;68,55
787,00;68,47
786,00;68,38
785,00;68,29
784,00;68,21
783,00;68,15
782,00;68,10
781,00;68,07
780,00;68,07
779,00;68,09
778,00;68,11
777,00;68,13
776,00;68,14
775,00;68,14
774,00;68,12
773,00;68,09
772,00;68,05
771,00;68,03
770,00;68,03
769,00;68,04
768,00;68,06
767,00;68,07
766,00;68,05
765,00;68,00
764,00;67,93
763,00;67,84
762,00;67,76
761,00;67,70
760,00;67,67
759,00;67,66
758,00;67,66
757,00;67,66
756,00;67,64
755,00;67,60
754,00;67,53
753,00;67,45
752,00;67,38
751,00;67,33
750,00;67,30
749,00;67,30
748,00;67,30
747,00;67,29
746,00;67,26
745,00;67,21
744,00;67,15
743,00;67,08
742,00;67,02
741,00;66,98
740,00;66,96
739,00;66,95
738,00;66,94
737,00;66,91
736,00;66,87
735,00;66,81
734,00;66,74
733,00;66,67
732,00;66,61
731,00;66,57
730,00;66,54
729,00;66,51
728,00;66,47
727,00;66,40
726,00;66,32
725,00;66,24
724,00;66,17
723,00;66,11
722,00;66,08
721,00;66,06
720,00;66,04
719,00;66,01
718,00;65,97
717,00;65,92
716,00;65,86
715,00;65,81
714,00;65,79
713,00;65,79
712,00;65,80
711,00;65,82
710,00;65,82
709,00;65,80
708,00;65,76
707,00;65,71
706,00;65,66
705,00;65,62
704,00;65,61
703,00;65,62
702,00;65,65
701,00;65,68
700,00;65,69
699,00;65,67
698,00;65,63
697,00;65,58
696,00;65,54
695,00;65,53
694,00;65,53
693,00;65,56
692,00;65,58
691,00;65,59
690,00;65,57
689,00;65,52
688,00;65,46
687,00;65,39
686,00;65,34
685,00;65,32
684,00;65,30
683,00;65,29
682,00;65,27
681,00;65,22
680,00;65,15
679,00;65,04
678,00;64,92
677,00;64,80
676,00;64,71
675,00;64,65
674,00;64,61
673,00;64,59
672,00;64,60
671,00;64,65
670,00;64,76
669,00;64,89
668,00;64,90
667,00;64,71
666,00;64,50
665,00;64,39
664,00;64,35
663,00;64,35
662,00;64,37
661,00;64,40
660,00;64,43
659,00;64,45
658,00;64,46
657,00;64,48
656,00;64,49
655,00;64,51
654,00;64,53
653,00;64,53
652,00;64,52
651,00;64,49
650,00;64,45
649,00;64,41
648,00;64,37
647,00;64,36
646,00;64,37
645,00;64,37
644,00;64,35
643,00;64,31
642,00;64,27
641,00;64,22
640,00;64,16
639,00;64,11
638,00;64,07
637,00;64,05
636,00;64,03
635,00;64,01
634,00;63,97
633,00;63,91
632,00;63,85
631,00;63,80
630,00;63,75
629,00;63,71
628,00;63,69
627,00;63,68
626,00;63,67
625,00;63,65
624,00;63,61
623,00;63,55
622,00;63,48
621,00;63,41
620,00;63,34
619,00;63,29
618,00;63,29
617,00;63,31
616,00;63,34
615,00;63,35
614,00;63,34
613,00;63,30
612,00;63,26
611,00;63,22
610,00;63,21
609,00;63,22
608,00;63,25
607,00;63,29
606,00;63,34
605,00;63,37
604,00;63,38
603,00;63,39
602,00;63,40
601,00;63,41
600,00;63,42
599,00;63,46
598,00;63,51
597,00;63,55
596,00;63,58
595,00;63,60
594,00;63,60
593,00;63,59
592,00;63,60
591,00;63,64
590,00;63,69
589,00;63,76
588,00;63,83
587,00;63,89
586,00;63,90
585,00;63,88
584,00;63,84
583,00;63,81
582,00;63,81
581,00;63,83
580,00;63,88
579,00;63,93
578,00;63,99
577,00;64,03
576,00;64,05
575,00;64,03
574,00;64,01
573,00;63,99
572,00;63,99
571,00;63,99
570,00;64,01
569,00;64,03
568,00;64,05
567,00;64,06
566,00;64,04
565,00;64,00
564,00;63,96
563,00;63,92
562,00;63,88
561,00;63,86
560,00;63,86
559,00;63,89
558,00;63,94
557,00;63,99
556,00;64,04
555,00;64,09
554,00;64,16
553,00;64,24
552,00;64,32
551,00;64,35
550,00;64,36
549,00;64,36
548,00;64,37
547,00;64,38
546,00;64,40
545,00;64,44
544,00;64,51
543,00;64,59
542,00;64,66
541,00;64,70
540,00;64,70
539,00;64,68
538,00;64,64
537,00;64,61
536,00;64,59
535,00;64,59
534,00;64,61
533,00;64,65
532,00;64,68
531,00;64,70
530,00;64,69
529,00;64,67
528,00;64,63
527,00;64,59
526,00;64,55
525,00;64,55
524,00;64,58
523,00;64,65
522,00;64,71
521,00;64,77
520,00;64,81
519,00;64,84
518,00;64,84
517,00;64,84
516,00;64,84
515,00;64,87
514,00;64,93
513,00;65,01
512,00;65,10
511,00;65,19
510,00;65,27
509,00;65,32
508,00;65,36
507,00;65,38
506,00;65,40
505,00;65,44
504,00;65,48
503,00;65,53
502,00;65,57
501,00;65,61
500,00;65,64
499,00;65,68
498,00;65,71
497,00;65,72
496,00;65,71
495,00;65,70
494,00;65,68
493,00;65,69
492,00;65,73
491,00;65,80
490,00;65,88
489,00;65,94
488,00;65,97
487,00;65,99
486,00;66,01
485,00;66,03
484,00;66,06
483,00;66,08
482,00;66,09
481,00;66,10
480,00;66,13
479,00;66,18
478,00;66,24
477,00;66,27
476,00;66,26
475,00;66,26
474,00;66,26
473,00;66,25
472,00;66,23
471,00;66,25
470,00;66,32
469,00;66,43
468,00;66,54
467,00;66,61
466,00;66,65
465,00;66,64
464,00;66,60
463,00;66,54
462,00;66,50
461,00;66,51
460,00;66,56
459,00;66,66
458,00;66,79
457,00;66,91
456,00;67,01
455,00;67,07
454,00;67,14
453,00;67,22
452,00;67,31
451,00;67,37
450,00;67,39
449,00;67,36
448,00;67,35
447,00;67,39
446,00;67,48
445,00;67,58
444,00;67,63
443,00;67,60
442,00;67,56
441,00;67,55
440,00;67,57
439,00;67,62
438,00;67,64
437,00;67,65
436,00;67,66
435,00;67,70
434,00;67,79
433,00;67,88
432,00;67,94
431,00;67,93
430,00;67,90
429,00;67,86
428,00;67,84
427,00;67,86
426,00;67,93
425,00;68,05
424,00;68,17
423,00;68,27
422,00;68,39
421,00;68,52
420,00;68,62
419,00;68,63
418,00;68,56
417,00;68,48
416,00;68,47
415,00;68,54
414,00;68,69
413,00;68,89
412,00;69,02
411,00;69,01
410,00;68,89
409,00;68,82
408,00;68,92
407,00;69,11
406,00;69,24
405,00;69,22
404,00;69,14
403,00;69,16
402,00;69,31
401,00;69,48
400,00;69,51
